theta_t,q_t,q_g,q_total,green_share,purchase_price,profit_t,profit_g,profit_r,utility_t,risk_sd
0.0,0.7241379310344828,0.8793103448275862,1.603448275862069,0.5483870967741935,2.896551724137931,1.3109393579072535,2.1470600475624257,3.430270511296076,1.3109393579072535,0.1736421758440812
0.2,0.7207083533530099,0.8798819411078317,1.6005902944608414,0.5497234015180754,2.8994097055391586,1.3104979986856518,2.150076690863057,3.4196844379526636,1.3045246625838345,0.17281979200625833
0.4,0.7173111080748735,0.8804481486541877,1.5977592567290613,0.5510518214468959,2.902240743270939,1.3100066848043173,2.1530668274057594,3.409214270827933,1.2981723746116625,0.17200516120639275
0.6000000000000001,0.7139457401237506,0.8810090433127082,1.5949547834364588,0.5523724261414503,2.905045216563541,1.3094668774711435,2.1560308031963205,3.3988581529250705,1.2918815885366342,0.17119817432101567
0.8,0.71061180292366,0.8815646995127233,1.5921765024363834,0.5536852843662331,2.9078234975636166,1.3088799965058426,2.158968958280874,3.3886142661287466,1.2856514163209396,0.17039872426496872
1.0,0.7073088582014145,0.8821151902997643,1.5894240485011788,0.5549904640813732,2.910575951498821,1.3082474216278437,2.161881626872768,3.3784808302044667,1.279480986926658,0.1696067059440335
1.2000000000000002,0.7040364757945554,0.8826605873675741,1.5866970631621296,0.5562880324543611,2.9133029368378702,1.3075704936994357,2.1647691374762132,3.368456101828392,1.2733694459112397,0.16882201620887605
1.4000000000000001,0.7007942334645932,0.8832009610892344,1.5839951945538275,0.5575780558715713,2.9160048054461725,1.3068505159258808,2.1676318130068424,3.3585383736465317,1.267315955034474,0.16804455381026348
1.6,0.6975817167153867,0.8837363805474355,1.5813180972628222,0.558860599949584,2.9186819027371778,1.3060887550141524,2.1704699709092448,3.3487259733623236,1.2613196918765586,0.16727421935551273
1.8,0.6943985186164937,0.8842669135639177,1.5786654321804114,0.5601357295463114,2.9213345678195886,1.3052864422919057,2.1732839232715717,3.339017262851571,1.2553798494669288,0.16651091526613174
2.0,0.6912442396313363,0.8847926267281107,1.576036866359447,0.5614035087719298,2.923963133640553,1.3044447747881667,2.176073976937289,3.3294106373038295,1.2494956359234637,0.1657545457366147
2.2,0.6881184874500295,0.885313585424995,1.5734320728750246,0.5626640009996251,2.9265679271249754,1.3035649162772314,2.1788404336141802,3.319904524389309,1.243666274101761,0.16500501669435594
2.4000000000000004,0.6850208768267224,0.8858298538622129,1.5708507306889352,0.5639172688761525,2.929149269311065,1.3026479982871417,2.1815835899806486,3.3104973834504294,1.2378910012541353,0.16426223576064575
2.6,0.6819510294213158,0.8863414950964473,1.568292524517763,0.5651633743322152,2.931707475482237,1.30169512107409,2.184303737789417,3.30118770471718,1.2321690686980356,0.1635261122127153
2.8000000000000003,0.6789085736454157,0.8868485710590974,1.565757144704513,0.5664023785926661,2.934242855295487,1.3007073545640317,2.1870011639686884,3.2919740085454863,1.226499741493582,0.16279655694679795
3.0,0.6758931445123914,0.8873511425812681,1.5632442870936596,0.5676343421865349,2.9367557129063404,1.2996857392627237,2.1896761507208455,3.282854844677794,1.2208822981299223,0.1620734824421743
3.2,0.6729043834914125,0.8878492694180979,1.5607536529095105,0.5688593249568858,2.9392463470904895,1.2986312871353751,2.19232897561875,3.273828791525136,1.215316030220135,0.16135680272617134
3.4000000000000004,0.6699419383653415,0.8883430102724431,1.5582849486377848,0.5700773860705073,2.9417150513622152,1.297544982457036,2.1949599116997174,3.264894455469956,1.209800242204407,0.16064643334008658
3.6,0.6670054630923645,0.8888324228179393,1.5558378859103037,0.5712885840274375,2.9441621140896963,1.2964277826348034,2.1975692275572243,3.256050470188995,1.204334251061226,0.159942291306008
3.8000000000000003,0.6640946176712416,0.8893175637214598,1.5534121813927013,0.572492976670331,2.9465878186072985,1.2952806190028827,2.2001571874304173,3.2472954959955818,1.1989173860263318,0.1592442950945024
4.0,0.6612090680100756,0.8897984886649875,1.5510075566750632,0.5736906211936662,2.948992443324937,1.294104397591508,2.2027240512914874,3.238628219200681,1.193548988319195,0.1585523645931472
4.2,0.6583484857984827,0.8902752523669195,1.5486237381654022,0.5748815741527997,2.951376261834598,1.2928999998706612,2.2052700749309464,3.230047351492085,1.1882284108767742,0.15786642107587798
4.4,0.655512548383069,0.8907479086028218,1.5462604569858909,0.5760658914728682,2.953739543014109,1.2916682834695221,2.2077955100409032,3.2215516293311617,1.1829550180943427,0.15718638717312883
4.6000000000000005,0.6527009386461118,0.8912165102256481,1.5439174488717597,0.5772436284575432,2.9560825511282403,1.290410082872522,2.2103006042963482,3.213139813366563,1.1777281855731552,0.1565121868427412
4.800000000000001,0.6499133448873484,0.891681109185442,1.5415944540727904,0.5784148397976391,2.9584055459272096,1.2891262100928427,2.2127856014345397,3.20481068786438,1.1725472998747482,0.15584374534161785
5.0,0.6471494607087827,0.8921417565485362,1.5392912172573188,0.5795795795795796,2.9607087827426812,1.2878174553241801,2.2152507413325226,3.196563060154178,1.1674117582816754,0.15518098919810028
5.2,0.644408984902418,0.8925985025162636,1.5370074874186817,0.580737901293723,2.9629925125813186,1.2864845875715454,2.2176962600828296,3.1883957600904296,1.1623209685644789,0.15452384618504833
5.4,0.6416916213408299,0.893051396443195,1.5347430177840249,0.5818898578425516,2.9652569822159753,1.285128355261851,2.220122390067422,3.180307639528828,1.1572743487547044,0.15387224529360005
5.6000000000000005,0.6389970788704965,0.8935004868549172,1.5324975657254138,0.5830355015487253,2.967502434274586,1.2837494868350068,2.2225293600299225,3.172297571817026,1.1522713269237879,0.15322611670759353
5.800000000000001,0.6363250712078057,0.8939458214653657,1.5302708926731714,0.5841748841630034,2.9697291073268284,1.2823486913162088,2.224917395146163,3.1643644512993307,1.1473113409676279,0.15258539177863026
6.0,0.6336753168376584,0.8943874471937237,1.528062764031382,0.585308056872038,2.971937235968618,1.2809266588700887,2.2272867170931168,3.156507192834918,1.1423938383966779,0.15195000300176087
6.2,0.6310475389145983,0.8948254101809003,1.5258729490954988,0.586435070306038,2.9741270509045012,1.2794840613373606,2.2296375441162497,3.148724731329144,1.1375182761313944,0.151319883991777
6.4,0.6284414651663874,0.8952597558056021,1.5237012209719896,0.5875559745463116,2.9762987790280104,1.2780215527545793,2.2319700910953184,3.141016021277527,1.1326841203028841,0.15069496946008964
6.6000000000000005,0.6258568277999642,0.895690528700006,1.5215473564999702,0.588670819132683,2.97845264350003,1.2765397698575955,2.234284569608689,3.1333800363220323,1.1278908460585906,0.15007519519217843
6.800000000000001,0.6232933634097115,0.8961177727650481,1.5194111361747598,0.5897796530707923,2.9805888638252402,1.2750393325692786,2.2365811879961712,3.1258157688192547,1.1231379373728776,0.14946049802559525
7.0,0.6207508128879693,0.8965415311853384,1.5172923440733077,0.5908825248392753,2.982707655926692,1.2735208444720516,2.238860151420453,3.118322229420127,1.118424886862369,0.14885081582850593
7.2,0.6182289213377296,0.8969618464437117,1.5151907677814411,0.5919794823968292,2.984809232218559,1.2719848932657574,2.241121661927138,3.1108984466608334,1.1137511956058945,0.14824608747875515
7.4,0.6157274379874509,0.8973787603354249,1.5131061983228757,0.593070573189164,2.986893801677124,1.2704320512113676,2.243365918503432,3.103543466564544,1.1091163729689215,0.1476462528434397
7.6000000000000005,0.6132461161079313,0.8977923139820114,1.5110384300899429,0.5941558441558441,2.988961569910057,1.268862875561014,2.245593117135524,3.0962563522536506,1.104519936432335,0.14705125275897546
7.800000000000001,0.6107847129311849,0.8982025478448026,1.5089872607759873,0.5952353417370188,2.9910127392240127,1.2672779089748107,2.247803450864684,3.0890361835722118,1.099961411425443,0.14646102901164432
8.0,0.6083429895712631,0.8986095017381228,1.506952491309386,0.5963091118800461,2.993047508690614,1.265677679924916,2.2499971098421123,3.081882056718258,1.0954403311630851,0.1458755243186082
8.200000000000001,0.6059207109469675,0.8990132148421721,1.5049339257891396,0.597377200046014,2.99506607421086,1.2640627030872695,2.252174281382572,3.0747930838856816,1.090956236486733,0.14529468230937606
8.4,0.6035176457064031,0.8994137257155995,1.5029313714220027,0.5984396512161542,2.9970686285779973,1.262433479721412,2.254335150016847,3.0677683929154234,1.0865086757094553,0.14471844750771226
8.6,0.6011335661533177,0.8998110723077803,1.500944638461098,0.5994965098981576,2.999055361538902,1.2607904980388,2.256479897543032,3.060807126955665,1.0820972044646566,0.14414676531397363
8.8,0.5987682481751825,0.9002052919708029,1.4989735401459854,0.6005478201323898,3.001026459854015,1.2591342335599927,2.2586087030767157,3.053908444130781,1.0777213855584675,0.1435795819878637
9.0,0.5964214711729622,0.9005964214711729,1.497017892644135,0.601593625498008,3.002982107355865,1.2574651494610865,2.260721743100048,3.047071517218755,1.073380788825694,0.143016844631592
9.200000000000001,0.5940930179925314,0.9009844970012447,1.4950775149937763,0.6026339691189827,3.0049224850062237,1.2557836969097533,2.262819191509758,3.0402955333368533,1.0690749909892194,0.14245850117342865
9.4,0.5917826748576904,0.9013695541903849,1.4931522290480754,0.603668893670026,3.0068477709519246,1.2540903153912297,2.26490121966412,3.033579693635274,1.0648035755227685,0.14190450035164165
9.600000000000001,0.5894902313047383,0.901751628115877,1.4912418594206152,0.6046984413824261,3.008758140579385,1.2523854330245852,2.266967996428904,3.0269232129985615,1.060566132516935,0.14135479169880852
9.8,0.5872154801185616,0.9021307533135731,1.4893462334321348,0.6057226540497915,3.010653766567865,1.2506694668695957,2.2690196882223446,3.020325319754554,1.056362258548389,0.14080932552649056
10.0,0.5849582172701949,0.9025069637883009,1.4874651810584958,0.6067415730337079,3.0125348189415044,1.248942823224525,2.271056459059132,3.0137852553906317,1.0521915565521684,0.14026805291026057
10.200000000000001,0.5827182418558189,0.9028802930240302,1.485598534879849,0.6077552392693041,3.0144014651201507,1.2472058979151137,2.273078470593476,3.007302274277079,1.0480536356969774,0.13973092567507506
10.4,0.5804953560371516,0.903250773993808,1.4837461300309598,0.6087636932707355,3.01625386996904,1.2454590765750653,2.27508588216124,3.00087564339733,1.043948111263407,0.1391978963809806
10.600000000000001,0.578289364983202,0.9036184391694663,1.4819078041526683,0.6097669751365815,3.0180921958473315,1.2437027349182985,2.277078850821188,2.9945046420849177,1.0398746045249931,0.13866891830914674
10.8,0.5761000768133436,0.9039833205311094,1.480083397344453,0.6107651245551602,3.019916602655547,1.2419372390032417,2.2790575313953516,2.988188561766924,1.0358327426320464,0.13814394544821562
11.0,0.5739273025416781,0.904345449576387,1.4782727521180652,0.6117581808097614,3.021727247881935,1.2401629454894172,2.2810220765085525,2.9819267057137515,1.031822158498167,0.1376229324809608
11.200000000000001,0.571770856022653,0.9047048573295579,1.4764757133522108,0.6127461827838018,3.023524286647789,1.2383802018865717,2.282972636627087,2.9757183887950256,1.0278424906893826,0.13710583477124685
11.4,0.5696305538979005,0.90506157435035,1.4746921282482504,0.6137291689658979,3.0253078717517496,1.2365893467965843,2.284909360096602,2.9695629372414794,1.0238933833158284,0.1365926083512818
11.600000000000001,0.5675062155442655,0.9054156307426224,1.472921846286888,0.6147071774548657,3.027078153713112,1.234790710148389,2.286832393179182,2.963459688412619,1.0199744859259123,0.13608320990915457
11.8,0.5653976630229928,0.9057670561628345,1.4711647191858273,0.6156802459646425,3.0288352808141727,1.2329846134261309,2.2887418800896624,2.9574079905700277,1.0160854534028927,0.13557759677665054
12.0,0.5633047210300429,0.9061158798283262,1.4694206008583692,0.6166484118291347,3.0305793991416308,1.2311713698907696,2.2906379630311844,2.9514072026561555,1.0122259458638028,0.13507572691733785
12.200000000000001,0.5612272168475064,0.9064621305254156,1.467689347372922,0.6176117120069923,3.032310652627078,1.2293512847953438,2.2925207822300266,2.9454566940784153,1.0083956285606697,0.1345775589149167
12.4,0.5591649802960912,0.9068058366173182,1.4659708169134094,0.6185701830863122,3.0340291830865906,1.227524655594087,2.294390475969703,2.9395558444984737,1.0045941717839537,0.1340830519618265
12.600000000000001,0.5571178436886507,0.9071470260518916,1.4642648697405423,0.6195238612892706,3.0357351302594577,1.2256917721455967,2.296247180624374,2.933704043626558,1.0008212507681633,0.13359216584810196
12.8,0.5550856417847326,0.9074857263692112,1.4625713681539438,0.6204727824766861,3.037428631846056,1.2238529169102377,2.2980910306915643,2.927900691020671,0.9970765455995793,0.13310486095047463
13.0,0.5530682117461154,0.9078219647089808,1.4608901764550963,0.6214169821525148,3.0391098235449037,1.2220083651419635,2.2999221588242214,2.9221451958905504,0.9933597411260392,0.1326210982217107
13.200000000000001,0.5510653930933138,0.9081557678177811,1.459221160911095,0.6223564954682779,3.040778839088905,1.220158385074725,2.30174069586211,2.9164369769062715,0.9896705268687229,0.1321408391801815
13.4,0.5490770276630236,0.9084871620561628,1.4575641897191862,0.6232913572274245,3.042435810280814,1.2183032381036407,2.3035467708625816,2.9107754620113413,0.9860085969358964,0.1316640458996589
13.600000000000001,0.547102959566486,0.9088161734055856,1.4559191329720718,0.6242216018896285,3.0440808670279282,1.2164431789610823,2.305340511130715,2.9051600882401853,0.9823736499385511,0.13119068099933187
13.8,0.5451430351487462,0.9091428274752089,1.454285862623955,0.6251472635750241,3.045714137376045,1.2145784558878416,2.307122042248852,2.8995903015398783,0.9787653889079047,0.13072070763403654
14.0,0.5431971029487843,0.9094671495085359,1.4526642524573203,0.626068376068376,3.0473357475426797,1.2127093107995233,2.3088914881055445,2.8940655565960456,0.9751835212147018,0.13025408948469622
14.200000000000001,0.541265013660498,0.909789164389917,1.451054178050415,0.6269849728231909,3.048945821949585,1.2108359794483117,2.310648970923911,2.8885853166627724,0.9716277584902796,0.12979079074896527
14.4,0.5393466200945141,0.9101088966509143,1.4494555167454284,0.6278970869657665,3.050544483254572,1.208958691580255,2.3123946112894336,2.883149053396471,0.9680978165493477,0.129330776132072
14.600000000000001,0.5374417771408098,0.9104263704765317,1.4478681476173416,0.6288047512991833,3.0521318523826584,1.2070776710881999,2.3141285281772133,2.8777562466935427,0.9645934153144397,0.12887401083785524
14.8,0.5355503417321228,0.9107416097113129,1.4462919514434356,0.6297079983072367,3.0537080485565644,1.2051931361605115,2.3158508389786605,2.872406384531779,0.9611142787419976,0.12842046055999068
15.0,0.5336721728081322,0.9110546378653113,1.4447268106734434,0.6306068601583114,3.055273189326557,1.2033052994257059,2.3175616595276805,2.8670989628153816,0.957660134750044,0.12797009147340166
15.200000000000001,0.531807131280389,0.9113654781199352,1.443172609400324,0.6315013687092019,3.056827390599676,1.2014143680931153,2.3192611041263342,2.861833485223503,0.9542307151474037,0.12752287022584977
15.4,0.5299550799979812,0.9116741533336699,1.4416292333316512,0.632391555508875,3.058370766668349,1.1995205440897119,2.3209492855699914,2.85660946306223,0.950825755564439,0.1270787639297016
15.600000000000001,0.528115883713912,0.9119806860476813,1.4400965697615935,0.6332774518021793,3.0599034302384065,1.1976240241931975,2.322626315171998,2.8514264151199047,0.9474449953852566,0.1266377401538667
15.8,0.5262894090521778,0.9122850984913037,1.4385745075434815,0.6341590885335006,3.0614254924565185,1.1957250001614776,2.3242923027878626,2.8462838675257114,0.944088177681352,0.12619976691590284
16.0,0.5244755244755245,0.9125874125874126,1.437062937062937,0.635036496350365,3.062937062937063,1.193823658858624,2.3259473568389657,2.8411813536114234,0.9407550491466576,0.1257648126742846
16.2,0.5226741002538703,0.9128876499576882,1.4355617502115585,0.6359097056069906,3.0644382497884415,1.1919201823774292,2.3275915843358126,2.8361184137762523,0.9374453600339556,0.1253328463208312
16.400000000000002,0.5208850084333763,0.9131858319277706,1.4340708403611468,0.6367787463677875,3.065929159638853,1.1900147481586605,2.3292250909008434,2.8310945953546995,0.9341588640926284,0.12490383717328987
16.6,0.5191081228061502,0.9134819795323083,1.4325901023384584,0.6376436484108086,3.0674098976615416,1.1881075291071004,2.3308479807907934,2.8261094524873442,0.9308953185077067,0.12447775496807126
16.8,0.5173433188805676,0.9137761135199054,1.431119432400473,0.6385044412311506,3.068880567599527,1.1861986937044784,2.332460356918629,2.821162545994489,0.9276544838401899,0.12405456985313251
17.0,0.5155904738521974,0.9140682543579671,1.4296587282101645,0.639361154044307,3.0703412717898355,1.1842884061193795,2.334062320875064,2.816253443252587,0.9244361239686065,0.12363425238100552
17.2,0.5138494665753157,0.9143584222374473,1.428207888812763,0.6402138157894737,3.071792111187237,1.1823768263142198,2.3356539729496624,2.811381718073391,0.9212400060317805,0.12321677350196622
17.400000000000002,0.5121201775349948,0.9146466370775008,1.4267668146124957,0.6410624551328069,3.0732331853875046,1.1804641101493747,2.3372354121515446,2.8065469505857354,0.9180659003727808,0.12280210455734172
17.6,0.510402488819755,0.9149329185300409,1.425335407349796,0.6419071004706364,3.074664592650204,1.1785504094845423,2.3388067362296945,2.801748727119907,0.9149135804840214,0.12239021727295245
17.8,0.5086962840947629,0.9152172859842062,1.4239135700789691,0.6427477799326323,3.076086429921031,1.1766358722774242,2.340368041692889,2.79698664009452,0.9117828229534868,0.12198108375268532
18.0,0.5070014485755674,0.9154997585707387,1.4225012071463061,0.6435845213849287,3.077498792853694,1.1747206426797976,2.3419194238292427,2.7922602879058513,0.9086734074120535,0.12157467647219593
18.2,0.5053178690023582,0.9157803551662737,1.4210982241686319,0.6444173524332012,3.078901775831368,1.1728048611310569,2.343460976725399,2.787569274819555,0.905585116481884,0.12117096827273582
18.400000000000002,0.5036454336147352,0.9160590943975441,1.4197045280122793,0.6452463004257044,3.0802954719877205,1.170888664449299,2.3449927932853463,2.7829132108647086,0.9025177357258678,0.12076993235510253
18.6,0.5019840321269781,0.9163359946455036,1.4183200267724816,0.6460713924562645,3.0816799732275184,1.168972185920019,2.3465149652488937,2.778291711730134,0.8994710535980832,0.1203715422737093
18.8,0.5003335557038026,0.9166110740493663,1.4169446297531687,0.6468926553672317,3.0830553702468313,1.1670555553824855,2.348027583209798,2.773704398662929,0.8964448613952554,0.11997577193077183
19.0,0.49869389693659466,0.9168843505105676,1.4155782474471623,0.6477101157523905,3.0844217525528377,1.1651388993138654,2.3495307366335556,2.7691508983691606,0.8934389532091913,0.11958259557060924
19.200000000000003,0.4970649498201098,0.9171558416966483,1.4142207915167582,0.6485237999598312,3.085779208483242,1.1632223409111582,2.3510245138748624,2.7646308429166653,0.8904531258801645,0.11919198777405687
19.400000000000002,0.4954466097296278,0.917425565045062,1.4128721747746897,0.64933373409478,3.08712782522531,1.1613060001710056,2.352509002194754,2.7601438696399065,0.8874871789512302,0.11880392345298815
19.6,0.4938387733985514,0.9176935377669081,1.4115323111654594,0.6501399440223911,3.0884676888345406,1.15938999396743,2.353984287777431,2.755689621046833,0.8845409146234473,0.11841837784494298
19.8,0.4922413388964419,0.917959776850593,1.4102011157470349,0.6509424553704997,3.089798884252965,1.1574744361275693,2.355450455746772,2.7512677447276994,0.8816141377119867,0.11803532650786076
20.0,0.4906542056074767,0.9182242990654206,1.4088785046728973,0.6517412935323382,3.0911214953271027,1.1555594375054592,2.3569075901825487,2.746877893265788,0.8787066556031096,0.11765474531491485
20.200000000000003,0.48907727420932506,0.9184871209651125,1.4075643951744377,0.6525364836692147,3.092435604825562,1.1536451060539166,2.358355774136343,2.7425197241499992,0.8758182782119874,0.117276610449447
20.400000000000002,0.48751044665242826,0.918748258891262,1.4062587055436904,0.6533280507131537,3.0937412944563096,1.151731546894582,2.3597950896471755,2.738192899689261,0.8729488179413535,0.11690089839999895
20.6,0.48595362613967696,0.9190077289767205,1.4049613551163973,0.6541160193695029,3.0950386448836027,1.1498188623861674,2.361225617756848,2.7338970869287023,0.87009808964096,0.11652758595543933
20.8,0.48440671710647726,0.9192655471489205,1.4036722642553978,0.6549004141195031,3.096327735744602,1.1479071521909627,2.3626474385250127,2.729631957567574,0.8672659105678246,0.11615665020018351
21.0,0.48286962520119564,0.919521729133134,1.4023913543343296,0.6556812592228235,3.0976086456656704,1.1459965133396506,2.3640606310439662,2.72539718787884,0.8644521003472543,0.11578806850950459
21.200000000000003,0.48134225726597596,0.9197762904556707,1.4011185477216466,0.6564585787200629,3.0988814522783534,1.1440870402944707,2.3654652734531822,2.7211924586304397,0.8616564809346166,0.11542181854493341
21.400000000000002,0.479824521317918,0.9200292464470137,1.3998537677649316,0.6572323964352169,3.100146232235068,1.142178825010785,2.3668614429535797,2.717017455008141,0.8588788765778539,0.11505787824974534
21.6,0.4783163265306123,0.920280612244898,1.3985969387755102,0.6580027359781122,3.10140306122449,1.1402719569970845,2.368249215821533,2.712871866539983,0.8561191137807163,0.11469622584453251
21.8,0.4768175832160211,0.9205304027973298,1.3973479860133509,0.658769620746807,3.102652013986649,1.1383665233734839,2.369628667422643,2.708755387022243,0.853377021266701,0.11433683982285898
22.0,0.47532820280669996,0.9207786328655501,1.3961068356722501,0.659533073929961,3.10389316432775,1.1364626089287395,2.3709998722252545,2.7046677144469085,0.8506524299436786,0.11397969894699765
22.200000000000003,0.47384809783835014,0.9210253170269417,1.394873414865292,0.660293118509172,3.105126585134708,1.1345602961758392,2.372362903813735,2.700608550930607,0.8479451728691978,0.11362478224374646
22.400000000000002,0.47237718193269745,0.9212704696778837,1.3936476516105811,0.6610497772612822,3.106352348389419,1.1326596654061953,2.3737178349015258,2.6965776026449784,0.8452550852164438,0.1132720690003229
22.6,0.470915369780688,0.921514105036552,1.3924294748172399,0.6618030727606532,3.1075705251827603,1.1307607947424831,2.375064737343952,2.692574579748434,0.8425820042408443,0.11292153876033446
22.8,0.4694625771259948,0.9217562371456676,1.3912188142716624,0.6625530273814115,3.1087811857283376,1.1288637601901605,2.3764036821508205,2.6885991963192817,0.8399257692473061,0.11257317131982374
23.0,0.46801872074883,0.921996879875195,1.390015600624025,0.6632996632996633,3.109984399375975,1.1269686356877053,2.3777347394987842,2.6846511702901816,0.8372862215580668,0.11222694672338657
23.200000000000003,0.4665837184500533,0.9222360469249912,1.3888197653750445,0.6640430024956806,3.1111802346249555,1.125075493155603,2.379057978743503,2.6807302233839154,0.8346632044811497,0.1118828452603616
23.400000000000002,0.46515748903557347,0.9224737518274044,1.3876312408629778,0.6647830667560579,3.112368759137022,1.1231844025441213,2.380373468431583,2.676836081050417,0.8320565632794102,0.11154084746108969
23.6,0.46373995230103343,0.9227100079498277,1.386449960250861,0.665519877675841,3.113550039749139,1.1212954318798993,2.381681276312314,2.672968472405045,0.8294661451401557,0.11120093409324164
23.8,0.46233102901677603,0.9229448284972039,1.3852758575139799,0.6662534566606275,3.11472414248602,1.1194086473113904,2.3829814693491995,2.669127130168082,0.826891799145334,0.1108630861582131
24.0,0.4609306409130816,0.9231782265144864,1.3841088674275681,0.6669838249286394,3.1158911325724317,1.1175241131531823,2.384274113731297,2.6653117906054096,0.8243333762422713,0.1105272848875846
24.200000000000003,0.4595387106656747,0.9234102148890542,1.382948925554729,0.6677110035127694,3.1170510744452713,1.11564189192923,2.385559274884348,2.6615221934703435,0.8217907292149533,0.11019351173964628
24.400000000000002,0.4581551618814905,0.9236408063530849,1.3817959682345755,0.6684350132625995,3.1182040317654245,1.1137620444150222,2.3868370174817306,2.6577580819466156,0.8192637126558295,0.10986174839598471
24.6,0.45677991908470006,0.9238700134858833,1.3806499325705834,0.6691558748463937,3.1193500674294166,1.111884629678725,2.3881074054552194,2.6540192025924485,0.816752182938144,0.10953197675813188
24.8,0.45541290770298404,0.9240978487161693,1.3795107564191533,0.6698736087530655,3.1204892435808467,1.1100097051213087,2.3893705020055567,2.6503053052857215,0.8142559981887627,0.10920417894427384
25.0,0.4540540540540541,0.9243243243243243,1.3783783783783785,0.6705882352941176,3.1216216216216215,1.1081373265157048,2.3906263696128565,2.6466161431701973,0.8117750182615047,0.10887833728601849
25.200000000000003,0.45270328533241355,0.9245494524445977,1.3772527377770114,0.6712997746055597,3.1227472622229886,1.106267548045006,2.391875070046816,2.642951472602779,0.8093091047109537,0.10855443432522108
25.400000000000002,0.45136052959635475,0.9247732450672742,1.376133774663629,0.6720082466497984,3.123866225336371,1.1044004223397375,2.3931166643767705,2.6393110531017827,0.806858120766746,0.10823245281086609
25.6,0.450025715755186,0.9249957140408024,1.3750214297959884,0.6727136712175051,3.1249785702040116,1.102536000514227,2.3943512129815616,2.6356946472961984,0.804421931308323,0.10791237569600452
25.8,0.44869877355668564,0.9252168710738857,1.3739156446305714,0.6734160679294579,3.1260843553694286,1.100674332202094,2.395578775559254,2.6321020208759243,0.8020004028401393,0.10759418613474542
26.0,0.44737963357477634,0.9254367277375373,1.3728163613123137,0.6741154562383612,3.1271836386876863,1.098815465590881,2.396799411136682,2.628532942542938,0.7995934034673169,0.10727786747930028
26.200000000000003,0.446068227197417,0.9256552954670971,1.3717235226645141,0.674811855430642,3.128276477335486,1.0969594474558513,2.3980131780788376,2.624987183963401,0.7972008028717339,0.10696340327707962
26.400000000000002,0.4447644866147069,0.9258725855642155,1.3706370721789223,0.6755052846282218,3.1293629278210777,1.0951063231929723,2.3992201340980968,2.6214645197206696,0.794822472288541,0.10665077726784046
26.6,0.4434683448071969,0.9260886091988005,1.3695569540059975,0.6761957627902673,3.1304430459940025,1.0932561368511078,2.4004203362633056,2.617964727269185,0.7924582844830974,0.10633997338088345
26.8,0.44217973553440576,0.9263033774109324,1.368483112945338,0.6768833087149188,3.131516887054662,1.0914089311634405,2.4016138410087002,2.614487586889232,0.7901081137283167,0.10603097573229922
27.0,0.44089859332353554,0.9265169011127441,1.3674154944362797,0.6775679410409949,3.1325845055637203,1.0895647475781387,2.4028007041426873,2.611032881642555,0.7877718357824098,0.10572376862226232
27.200000000000003,0.43962485345838215,0.9267291910902696,1.3663540445486517,0.6782496782496783,3.1336459554513483,1.0877236262882948,2.403980980856476,2.6076003973287847,0.7854493278670274,0.10541833653237219
27.400000000000002,0.4383584519684382,0.9269402580052603,1.3652987099736984,0.6789285386661774,3.1347012900263014,1.0858856062611473,2.405154725732576,2.6041899224426945,0.7831404686457806,0.10511466412304002
27.6,0.4370993256181834,0.9271501123969694,1.3642494380151529,0.6796045404613694,3.135750561984847,1.0840507252666103,2.4063219927531394,2.600801248132237,0.7808451382031435,0.10481273623092073
27.8,0.4358474118965589,0.9273587646839069,1.3632061765804657,0.680277701653421,3.1367938234195343,1.0822190199051227,2.4074828353081856,2.5974341681573647,0.7785632180237223,0.104512537866389
28.0,0.4346026490066226,0.9275662251655629,1.3621688741721854,0.6809480401093893,3.1378311258278146,1.080390525634841,2.4086373062036754,2.5940884788496117,0.7762945909718875,0.1042140542110587
28.200000000000003,0.4333649758553799,0.9277725040241034,1.3611374798794833,0.6816155735468025,3.138862520120517,1.0785652767981837,2.4097854576694644,2.5907639790724124,0.7740391412717593,0.10391727061534432
28.400000000000002,0.4321343320437896,0.9279776113260351,1.3601119433698248,0.6822803195352215,3.1398880566301752,1.076743306647755,2.410927341367122,2.5874604701821537,0.7717967544875427,0.10362217259606459
28.6,0.4309106578569377,0.9281815570238438,1.3590922148807816,0.6829422954977805,3.1409077851192184,1.0749246473716514,2.4120630083976202,2.5841777559899395,0.769567317504199,0.10332874583408617
28.8,0.42969389425437876,0.9283843509576035,1.3580782452119822,0.6836015187127102,3.141921754788018,1.0731093301181749,2.4131925093089124,2.580915642724048,0.767350718508454,0.10303697617200759
29.0,0.42848398286064066,0.9285860028565599,1.3570699857172006,0.6842580063148399,3.1429300142827996,1.0712973850199674,2.4143158941033693,2.577673938993083,0.765146846970131,0.10274684961188237
29.200000000000003,0.4272808659558883,0.9287865223406853,1.3560673882965735,0.6849117752970832,3.1439326117034265,1.0694888412175771,2.415433212245113,2.5744524557497765,0.7629555936238059,0.10245835231298028
29.400000000000002,0.4260844864667451,0.9289859189222092,1.3550704053889544,0.6855628425119037,3.1449295946110456,1.0676837268824715,2.4165445126672243,2.571251006255462,0.7607768504507731,0.1021714705895864
29.6,0.4248947879572677,0.929184202007122,1.3540789899643897,0.6862112246727632,3.14592101003561,1.0658820692395168,2.417649843778837,2.5680694060451765,0.7586105106613228,0.1018861909088369
29.8,0.42371171462007184,0.9293813808966547,1.3530930955167264,0.6868569383555516,3.1469069044832736,1.0640838945889286,2.4187492534721184,2.5649074728934003,0.7564564686773159,0.10160249988859116
30.0,0.4225352112676057,0.9295774647887324,1.352112676056338,0.6875,3.147887323943662,1.0622892283277128,2.4198427891291403,2.5617650267804004,0.7543146201150566,0.10132038429533914
30.200000000000003,0.4213652233235684,0.9297724627794053,1.3511376861029736,0.6881404259110755,3.1488623138970264,1.0604980949706078,2.4209304976286425,2.5586418898591843,0.7521848617684546,0.10103983104214366
30.400000000000002,0.42020169681447095,0.9299663838642548,1.3501680806787257,0.6887782322603593,3.149831919321274,1.0587105181705403,2.422012425352676,2.555537886423037,0.7500670915924708,0.10076082718661668
30.6,0.41904457836133613,0.9301592369397773,1.3492038153011134,0.6894134350874079,3.1507961846988866,1.0569265207386065,2.4230886181931663,2.552452842873638,0.7479612086868408,0.10048335992892914
30.8,0.4178938151715355,0.9303510308047441,1.3482448459762797,0.6900460503010981,3.1517551540237205,1.055146124663591,2.424159121558349,2.549386587689742,0.7458671132800723,0.10020741660985345
31.0,0.41674935503076005,0.9305417741615399,1.3472911291923,0.6906760936809545,3.1527088708077002,1.0533693511310331,2.42522398037912,2.5463389513964128,0.7437847067137098,0.09993298470883816
31.200000000000003,0.41561114629512347,0.9307314756174794,1.346342621912603,0.6913035808784618,3.153657378087397,1.0515962205418568,2.4262832391152713,2.5433097665348035,0.7417138914268615,0.09966005184211436
31.400000000000002,0.4144791378833932,0.9309201436861011,1.3453992815694944,0.691928527418361,3.1546007184305056,1.0498267525305676,2.427336941761653,2.5402988676324587,0.739654570940985,0.0993886057608328
31.6,0.41335327926934884,0.9311077867884419,1.3444610660577907,0.6925509486999297,3.1555389339422093,1.048060965983031,2.4283851318542116,2.5373060911741465,0.7376066498449209,0.09911863434923145
31.8,0.41223352047426487,0.9312944132542892,1.343527933728554,0.6931708599982468,3.156472066271446,1.046298879053846,2.4294278524759525,2.534331275573195,0.7355700337801807,0.09885012562283294
32.0,0.4111198120595145,0.9314800313234143,1.3425998433829287,0.6937882764654418,3.1574001566170713,1.0445405091833162,2.4304651462628066,2.531374261143329,0.7335446294264714,0.09858306772667101
32.2,0.41001210511929403,0.9316646491467844,1.3416767542660784,0.6944032131319305,3.1583232457339214,1.042785873114034,2.4314970554094026,2.528434890070998,0.7315303444874608,0.09831744893354594
32.4,0.4089103512734637,0.931848274787756,1.3407586260612196,0.6950156849076333,3.15924137393878,1.0410349869070854,2.432523621674752,2.5255130063881794,0.729527087676777,0.09805325764230773
32.6,0.4078145026605042,0.9320309162232493,1.3398454188837534,0.6956257065831811,3.1601545811162466,1.0392878659578846,2.433544886387849,2.522608455945657,0.7275347687042353,0.09779048237616723
32.800000000000004,0.4067245119305856,0.9322125813449024,1.338937093275488,0.6962332928311057,3.1610629067245117,1.0375445250116457,2.434560890453179,2.519721086386757,0.7255532982622893,0.09752911178103413
33.0,0.40564033223874835,0.9323932779602087,1.338033610198957,0.6968384582070161,3.161966389801043,1.0358049781785075,2.435571674356148,2.5168507471215325,0.7235825880127063,0.0972691346238817
33.2,0.4045619172381906,0.9325730137936349,1.3371349310318255,0.6974412171507608,3.1628650689681743,1.0340692389483057,2.436577278168429,2.5139972893013973,0.7216225505734537,0.0970105397911373
33.4,0.40348922107366564,0.9327517964877224,1.3362410175613881,0.6980415839875765,3.163758982438612,1.0323373202050183,2.4375777415532207,2.5111605657941882,0.7196730995058009,0.09675331628709902
33.6,0.4024221983749808,0.9329296336041699,1.3353518319791506,0.6986395729292234,3.1646481680208494,1.0306092342408772,2.4385731037704317,2.508340431159649,0.7177341493016293,0.09649745323237686
33.800000000000004,0.401360804250602,0.9331065326248996,1.3344673368755016,0.6992351980751053,3.165532663124498,1.0288849927701635,2.439563403681789,2.5055367416253445,0.7158056153709444,0.09624293986235913
34.0,0.40030499428135724,0.9332825009531072,1.3335874952344644,0.6998284734133791,3.1664125047655354,1.0271646069426894,2.44054867975586,2.502749355062965,0.7138874140295914,0.09598976552570254
34.2,0.3992547245142401,0.9334575459142933,1.3327122704285335,0.7004194128220491,3.1672877295714663,1.025448087356976,2.4415289700730054,2.4999781309650433,0.711979462487165,0.09573791968284641
34.4,0.3982099514563107,0.9336316747572816,1.3318416262135924,0.7010080300700495,3.1681583737864076,1.0237354440731337,2.4425043123302594,2.497222930422063,0.7100816788351134,0.09548739190455013
34.6,0.39717063206869163,0.9338048946552181,1.3309755267239098,0.7015943388183136,3.16902447327609,1.0220266866254513,2.4434747438461284,2.494483616099944,0.7081939820350306,0.09523817187045344
34.800000000000004,0.396136723760658,0.933977212706557,1.330113936467215,0.7021783526208305,3.1698860635327852,1.0203218240347047,2.4444403015653284,2.4917600522179177,0.7063162919071371,0.09499024936765932
35.0,0.39510818438381945,0.9341486359360301,1.3292568203198496,0.70276008492569,3.1707431796801506,1.0186208648201855,2.445401022063437,2.4890521045267615,0.7044485291189406,0.09474361428933878
35.2,0.39408497222639244,0.9343191712956013,1.3284041435219938,0.7033395490761145,3.1715958564780062,1.0169238170114616,2.4463569415514974,2.4863596402873984,0.7025906151740764,0.09449825663335751
35.4,0.39306704600756187,0.9344888256654064,1.3275558716729683,0.7039167583114795,3.1724441283270317,1.0152306881598747,2.447308095880531,2.483682528249859,0.7007424724013258,0.0942541665009238
35.6,0.39205436487192896,0.9346576058546785,1.3267119707266075,0.7044917257683214,3.1732880292733925,1.0135414853497775,2.4482545205459987,2.4810206386325824,0.6989040239438031,0.09401133409525718
35.800000000000004,0.3910468883840452,0.9348255186026592,1.3258724069867043,0.7050644644813349,3.1741275930132957,1.0118562152095225,2.4491962506921916,2.478373843102069,0.6970751937483163,0.09376974972027773
36.0,0.3900445765230312,0.9349925705794948,1.325037147102526,0.7056349873843566,3.1749628528974743,1.0101748839222042,2.4501333211165544,2.4757420147528637,0.6952559065548907,0.09352940377931566
36.2,0.3890473896772759,0.9351587683871206,1.3242061580643965,0.7062033073113406,3.1757938419356035,1.0084974972361607,2.45106576627395,2.4731250280878676,0.6934460878864581,0.09329028677384037
36.4,0.38805528863921945,0.9353241185601301,1.3233794071993494,0.7067694369973191,3.1766205928006506,1.006824060475243,2.4519936202808523,2.4705227589989764,0.6916456640387065,0.09305238930220924
36.6,0.38706823460021383,0.935488627566631,1.3225568621668449,0.7073333890793544,3.177443137833155,1.005154578548854,2.452916916919496,2.4679350847480332,0.6898545620700847,0.09281570205843542
36.800000000000004,0.3860861891454626,0.9356523018090895,1.3217384909545522,0.7078951760974795,3.1782615090454476,1.0034890559617653,2.453835689641943,2.465361883948093,0.688072709791965,0.09258021583097432
37.0,0.38510911424903727,0.9358151476251605,1.3209242618741976,0.7084548104956269,3.1790757381258024,1.001827496823715,2.454749971574103,2.462803036544993,0.686300035758955,0.09234592150152862
37.2,0.3841369722689691,0.9359771712885051,1.3201141435574741,0.7090123046225474,3.179885856442526,1.0001699048587935,2.4556597955196953,2.46025842379922,0.6845364692593602,0.09211281004387128
37.4,0.3831697259424151,0.9361383790095975,1.3193081049520126,0.7095676707327193,3.180691895047987,0.99851628341462,2.45656519396415,2.457727928268077,0.6827819403057918,0.0918808725226865
37.6,0.3822073383808969,0.9362987769365172,1.318506115317414,0.7101209209872453,3.181493884682586,0.996866635471317,2.4574661990784534,2.455211433788125,0.6810363796259202,0.09165010009242783
37.800000000000004,0.3812497730656112,0.9364583711557315,1.3177081442213427,0.7106720674547409,3.182291855778657,0.9952209636502856,2.4583628427229374,2.4527088254579263,0.6792997186533678,0.09142048399619393
38.0,0.38029699384281057,0.9366171676928648,1.3169141615356754,0.7112211221122112,3.183085838464325,0.9935792702227868,2.459255156451013,2.450219989621049,0.6775718895187419,0.0911920155646207
38.2,0.37934896491925285,0.9367751725134579,1.3161241374327108,0.7117680968459195,3.183875862567289,0.9919415571183317,2.460143171512856,2.4477448138493525,0.6758528250408015,0.09096468621479019
38.400000000000006,0.37840565085771943,0.9369323915237134,1.315338042381433,0.7123130034522439,3.184661957618567,0.9903078259328915,2.4610269188590346,2.445283186926537,0.6741424587177636,0.09073848744915587
38.6,0.3774670165725995,0.9370888305712334,1.3145558471438328,0.7128558536385265,3.185444152856167,0.9886780779369204,2.4619064291440855,2.442834998831956,0.6724407247187341,0.09051341085448386
38.800000000000004,0.3765330273255397,0.9372444954457434,1.3137775227712831,0.7133966590239109,3.186222477228717,0.9870523140832059,2.4627817327300385,2.440400140724691,0.6707475578752725,0.09028944810080965
39.0,0.37560364872115903,0.9373993918798068,1.3130030406009658,0.7139354311401717,3.186996959399034,0.9854305350145449,2.463652859689895,2.437978504927864,0.6690628936730821,0.09006659094041058
39.2,0.3746788467028262,0.937553525549529,1.3122323722523552,0.7144721814325338,3.187767627747645,0.9838127410712519,2.4645198398110537,2.4355699849132213,0.6673866682438259,0.08984483120679339
39.400000000000006,0.37375858754849955,0.9377069020752501,1.3114654896237496,0.7150069212604837,3.1885345103762504,0.9821989322984999,2.465382702598688,2.433174475285936,0.6657188183570618,0.08962416081369655
39.6,0.37284283786662886,0.9378595270222285,1.3107023648888574,0.7155396618985695,3.1892976351111426,0.9805891084535047,2.4662414772790746,2.4307918717696717,0.6640592814123039,0.0894045717541076
39.800000000000004,0.371931564592115,0.9380114059013142,1.3099429704934291,0.7160704145371948,3.190057029506571,0.9789832690125457,2.467096192802879,2.4284220711918634,0.6624079954311961,0.0891860560992943
40.0,0.3710247349823322,0.9381625441696113,1.3091872791519434,0.7165991902834008,3.1908127208480566,0.9773814131778398,2.467946877848394,2.4260649714692404,0.6607648990498072,0.08896860599785081
40.2,0.3701223166132045,0.9383129472311326,1.308435263844337,0.7171260001616423,3.191564736155663,0.9757835398842571,2.468793560824723,2.4237204715935685,0.6591299315110353,0.08875221367475686
40.400000000000006,0.3692242773753428,0.9384626204374429,1.3076868978127858,0.7176508551145531,3.192313102187214,0.9741896478058969,2.4696362698749352,2.42138847161762,0.6575030326571285,0.08853687143045141
40.6,0.36833058547023534,0.9386115690882941,1.3069421545585294,0.7181737660037041,3.1930578454414706,0.9725997353625155,2.4704750328791687,2.419068872641356,0.6558841429223158,0.08832257163991922
40.800000000000004,0.36744120940649494,0.9387597984322509,1.3062010078387458,0.718694743610352,3.193798992161254,0.9710138007258144,2.4713098774576805,2.4167615767983284,0.6542732033255418,0.08810930675179092
41.0,0.3665561179961599,0.9389073136673067,1.3054634316634666,0.7192137986361814,3.1945365683365337,0.9694318418255921,2.472140830973875,2.4144664872422874,0.6526701554633144,0.08789706928745601
41.2,0.3656752803510483,0.9390541199414919,1.3047294002925403,0.7197309417040358,3.1952705997074595,0.9678538563557607,2.4729679205372697,2.412183508134002,0.6510749415026524,0.08768585184018868
41.400000000000006,0.3647986658791648,0.9392002223534726,1.3039988882326374,0.7202461833586443,3.1960011117673623,0.9662798417802336,2.473791173006437,2.4099125446282734,0.6494875041741399,0.08747564707428614
41.6,0.36392624428115905,0.9393456259531402,1.3032718702342994,0.7207595340673367,3.1967281297657006,0.9647097953386803,2.4746106149918905,2.4076535028611583,0.6479077867650773,0.08726644772421939
41.800000000000004,0.3630579855468345,0.9394903357421942,1.3025483212890288,0.7212710042207533,3.197451678710971,0.963143714052161,2.475426272858943,2.4054062899373814,0.6463357331127373,0.08705824659379612
42.0,0.36219385995170744,0.9396343566747154,1.3018282166264228,0.7217806041335454,3.198171783373577,0.9615815947286361,2.476238172730519,2.403170813917944,0.6447712875977145,0.08685103655533553
42.2,0.3613338380536151,0.9397776936577308,1.3011115317113457,0.7222883440450687,3.1988884682886543,0.9600234339683551,2.477046340489932,2.400946983807917,0.6432143951373727,0.086644810548855
42.400000000000006,0.360477890689371,0.9399203515517714,1.3003982422411424,0.7227942341200697,3.199601757758858,0.9584692281691297,2.4778508017836174,2.398734709544424,0.6416650011793876,0.0864395615812681
42.6,0.35962598897146963,0.9400623351714217,1.2996883241428914,0.7232982844493636,3.2003116758571086,0.9569189735314926,2.47865158202384,2.396533901984803,0.6401230516953809,0.08623528272559432
42.800000000000004,0.35877810428483564,0.9402036492858608,1.2989817535706965,0.7238005050505051,3.2010182464293035,0.9553726660637438,2.4794487063913495,2.39434447289495,0.6385884931746475,0.08603196712017964
43.0,0.3579342082836202,0.9403442986193966,1.2982785069030167,0.7243009058684522,3.2017214930969833,0.9538303015868862,2.480242199838015,2.3921663349378344,0.6370612726179707,0.08582960796792832
43.2,0.35709427288804246,0.9404842878519929,1.2975785607400354,0.7247994967762226,3.2024214392599646,0.9522918757394558,2.4810320870894103,2.3899994016621995,0.6355413375315275,0.08562819853554543
43.400000000000006,0.3562582702812744,0.9406236216197876,1.296881891901062,0.7252962875755435,3.2031181080989377,0.9507573839822474,2.4818183926473765,2.387843587491409,0.6340286359208807,0.08542773215278993
43.6,0.35542617290637063,0.9407623045156049,1.2961884774219756,0.7257912879974929,3.2038115225780244,0.9492268216029355,2.482601140792535,2.385698807712487,0.6325231162850542,0.08522820221173846
43.800000000000004,0.35459795346324,0.94090034108946,1.2954982945527,0.7262845077031359,3.2045017054473,0.9477001837205978,2.4833803555867866,2.383564978465304,0.6310247276106966,0.08502960216605915
44.0,0.3537735849056604,0.9410377358490566,1.294811320754717,0.726775956284153,3.205188679245283,0.9461774652901388,2.4841560608757565,2.381442016731933,0.6295334193663225,0.08483192553029574
44.2,0.35295304043833403,0.9411744932602777,1.2941275336986118,0.7272656432634614,3.205872466301388,0.944658661106619,2.484928280291222,2.3793298403261574,0.6280491414966398,0.08463516587916156
44.400000000000006,0.35213629351398484,0.9413106177476692,1.293446911261654,0.7277535780958307,3.206553088738346,0.94314376580949,2.4856970372534963,2.37722836788314,0.6265718444169541,0.08443931684684343
44.6,0.35132331783049486,0.9414461136949175,1.2927694315254123,0.7282397701684913,3.2072305684745874,0.9416327738867359,2.4864623549737908,2.375137518849244,0.6251014790076517,0.08424437212631504
44.800000000000004,0.35051408732808115,0.9415809854453198,1.2920950727734009,0.7287242288017363,3.207904927226599,0.9401256796789293,2.487224256456538,2.3730572134720003,0.6236379966087618,0.08405032546865994
45.0,0.3497085761865112,0.9417152373022482,1.2914238134887595,0.7292069632495164,3.2085761865112405,0.9386224773831963,2.4879827645016888,2.37098737279023,0.6221813490145942,0.0838571706824039
45.2,0.3489067588223566,0.9418488735296072,1.2907556323519638,0.7296879827000309,3.2092443676480364,0.9371231610570967,2.4887379017069704,2.3689279186242995,0.6207314884684512,0.0836649016328563
45.400000000000006,0.3481086098862845,0.941981898352286,1.2900905082385705,0.7301672962763087,3.2099094917614295,0.935627724622419,2.4894896904701294,2.3668787735665386,0.6192883676574112,0.08347351224146064
45.6,0.34731410426038634,0.9421143159566022,1.2894284202169886,0.7306449130367862,3.2105715797830117,0.9341361618688984,2.4902381529911306,2.364839860971773,0.6178519397071924,0.08328299648515405
45.800000000000004,0.34652321705554273,0.9422461304907429,1.2887693475462856,0.7311208419758777,3.2112306524537146,0.9326484664578464,2.490983311274334,2.362811104948021,0.6164221581770766,0.08309334839573537
46.0,0.34573592360882455,0.942377346065196,1.2881132696740205,0.7315950920245399,3.2118867303259795,0.9311646319257096,2.491725187130646,2.3607924303473062,0.6149989770549134,0.08290456205924195
46.2,0.3449521994809291,0.9425079667531785,1.2874601662341076,0.7320676720508306,3.2125398337658924,0.9296846516875469,2.492463802179632,2.3587837627566097,0.6135823507521868,0.08271663161533485
46.400000000000006,0.3441720204536515,0.9426379965910581,1.2868100170447097,0.7325385908604615,3.2131899829552903,0.9282085190404331,2.493199177851611,2.356785028488961,0.6121722340991524,0.08252955125669258
46.6,0.3433953625273899,0.9427674395787684,1.2861628021061584,0.7330078571973453,3.2138371978938416,0.9267362271667903,2.4939313353897203,2.3547961545746445,0.6107685823400419,0.08234331522841279
46.800000000000004,0.3426222019186843,0.9428962996802193,1.2855185015989035,0.7334754797441365,3.2144814984010965,0.925267769137644,2.4946602958519497,2.352817068752542,0.6093713511283317,0.08215791782742209
47.0,0.3418525150577894,0.9430245808237018,1.2848770958814912,0.733941467122767,3.215122904118509,0.923803137915812,2.4953860801131555,2.3508476994616005,0.6079804965220762,0.08197335340189413
47.2,0.34108627858627855,0.9431522869022869,1.2842385654885655,0.7344058278949764,3.2157614345114345,0.9223423263590234,2.496108708867042,2.3488879758324113,0.6065959749793073,0.08178961635067494
47.400000000000006,0.3403234693546819,0.9432794217742196,1.2836028911289015,0.7348685705628362,3.2163971088710985,0.92088532722297,2.4968282026281186,2.346937827678925,0.6052177433534939,0.08160670112271667
47.6,0.3395640644201539,0.9434059892633077,1.2829700536834616,0.735329703569268,3.217029946316538,0.9194321331642915,2.497544581733641,2.3449971854902754,0.6038457588890638,0.08142460221651825
47.800000000000004,0.3388080410441741,0.9435319931593044,1.2823400342034785,0.7357892352985581,3.2176599657965212,0.9179827367434976,2.498257866345508,2.343065980422718,0.6024799792169873,0.08124331417957399
48.0,0.3380553766902769,0.9436574372182872,1.281712813908564,0.7362471740768651,3.2182871860914357,0.9165371304278241,2.498968076452157,2.3411441442916914,0.6011203623504183,0.08106283160782929
48.2,0.3373060490218125,0.9437823251630313,1.2810883741848438,0.7367035281727224,3.2189116258151564,0.9150953065940312,2.4996752318704134,2.339231609563988,0.5997668666803972,0.08088314914514369
48.400000000000006,0.3365600358997372,0.9439066606833771,1.2804666965831144,0.7371583057975367,3.2195333034168856,0.913657257531138,2.5003793522473323,2.3373283093500308,0.5984194509716094,0.08070426148276101
48.6,0.3358173153804331,0.9440304474365945,1.2798477628170275,0.7376115151060799,3.2201522371829725,0.9122229754430995,2.5010804570620104,2.335434177396264,0.5970780743582013,0.08052616335878651
48.800000000000004,0.3350778657135563,0.9441536890477407,1.279231554761297,0.7380631641969765,3.2207684452387033,0.9107924524514257,2.5017785656273728,2.3335491480776533,0.595742696339653,0.08034884955767098
49.0,0.334341665339914,0.9442763891100143,1.2786180544499284,0.7385132611131864,3.2213819455500716,0.9093656805977426,2.5024736970919417,2.331673156390284,0.5944132767767052,0.08017231490970156
49.2,0.33360869288936906,0.9443985511851052,1.2780072440744743,0.738961813842482,3.221992755925526,0.9079426518463005,2.5031658704415767,2.32980613794407,0.5930897758873419,0.0799965542904994
49.400000000000006,0.33287892717877177,0.944520178803538,1.2773991059823098,0.7394088303179213,3.22260089401769,0.9065233580864244,2.503855104501203,2.3279480289555594,0.5917721542428248,0.07982156262052363
49.6,0.33215234720992026,0.9446412754650133,1.2767936226749335,0.7398543184183143,3.2232063773250665,0.9051077911349156,2.5045414179365015,2.326098766240847,0.590460372763782,0.07964733486458235
49.800000000000004,0.33142893216754526,0.9447618446387425,1.2761907768062877,0.7402982859686874,3.2238092231937125,0.9036959427383966,2.5052248292555976,2.3242582872085795,0.5891543927163474,0.07947386603134932
50.0,0.33070866141732286,0.9448818897637795,1.2755905511811023,0.7407407407407408,3.2244094488188977,0.9022878045756093,2.5059053568107137,2.3224265298530593,0.5878541757083515,0.07930115117288748
