scenario,risk_bearing_actor,risk_aversion,expected_profit,profit_standard_deviation
S,Retailer,0.0,4.643601190476191,0.6765548041816156
S,Retailer,0.05,4.643489497301278,0.6732367089731053
S,Retailer,0.1,4.643158768051047,0.6699510014530076
S,Retailer,0.15000000000000002,4.642615385868225,0.6666972097235602
S,Retailer,0.2,4.641865549081454,0.6634748710102703
S,Retailer,0.25,4.640915277119879,0.6602835314424972
S,Retailer,0.30000000000000004,4.639770416215825,0.6571227458403371
S,Retailer,0.35000000000000003,4.63843664490407,0.6539920775076034
S,Retailer,0.4,4.636919479325745,0.6508910980306913
S,Retailer,0.45,4.6352242783446505,0.647819387083142
S,Retailer,0.5,4.633356248483329,0.6447765322357127
S,Retailer,0.55,4.631320448686013,0.6417621287717745
S,Retailer,0.6000000000000001,4.629121794915177,0.6387757795078648
S,Retailer,0.65,4.626765064588181,0.6358170946192268
S,Retailer,0.7000000000000001,4.624254900860201,0.6328856914701737
S,Retailer,0.75,4.621595816759379,0.6299811944491266
S,Retailer,0.8,4.618792199179849,0.6271032348081714
S,Retailer,0.8500000000000001,4.615848312738092,0.624251450506994
S,Retailer,0.9,4.612768303497836,0.6214254860610562
S,Retailer,0.9500000000000001,4.609556202568449,0.618624992393875
S,Retailer,1.0,4.606215929581649,0.6158496266932784
S,Retailer,1.05,4.602751296051068,0.613099052271514
S,Retailer,1.1,4.599166008619093,0.6103729384290902
S,Retailer,1.1500000000000001,4.595463672195164,0.6076709603222313
S,Retailer,1.2000000000000002,4.591647792989575,0.6049927988338414
S,Retailer,1.25,4.587721781446648,0.6023381404478615
S,Retailer,1.3,4.583688955080974,0.5997066771269229
S,Retailer,1.35,4.5795525412203,0.5970981061931928
S,Retailer,1.4000000000000001,4.575315679658467,0.5945121302123161
S,Retailer,1.4500000000000002,4.570981425221659,0.5919484568803587
S,Retailer,1.5,4.566552750251151,0.5894067989136665
S,Retailer,1.55,4.562032547005516,0.5868868739415466
S,Retailer,1.6,4.55742362998525,0.5843884044016918
S,Retailer,1.6500000000000001,4.5527287381825445,0.581911117438264
S,Retailer,1.7000000000000002,4.547950537258923,0.5794547448025584
S,Retailer,1.75,4.543091621653276,0.5770190227561754
S,Retailer,1.8,4.538154516622788,0.5746036919766211
S,Retailer,1.85,4.533141680219102,0.5722084974652704
S,Retailer,1.9000000000000001,4.528055505202022,0.5698331884576235
S,Retailer,1.9500000000000002,4.522898320892932,0.567477518335787
S,Retailer,2.0,4.517672394970029,0.5651412445431158
S,Retailer,2.0500000000000003,4.512379935207418,0.5628241285009579
S,Retailer,2.1,4.507023091159985,0.5605259355274365
S,Retailer,2.15,4.501603955795947,0.5582464347582141
S,Retailer,2.2,4.4961245670788585,0.5559853990691841
S,Retailer,2.25,4.490586909500824,0.5537426050010302
S,Retailer,2.3000000000000003,4.484992915568574,0.5515178326856072
S,Retailer,2.35,4.479344467244004,0.5493108657740894
S,Retailer,2.4000000000000004,4.473643397340734,0.5471214913668335
S,Retailer,2.45,4.467891490878166,0.5449494999449179
S,Retailer,2.5,4.462090486394474,0.5427946853033019
S,Retailer,2.5500000000000003,4.456242077219893,0.5406568444855655
S,Retailer,2.6,4.450347912711658,0.5385357777201852
S,Retailer,2.6500000000000004,4.444409599451848,0.5364312883583067
S,Retailer,2.7,4.438428702409374,0.5343431828129651
S,Retailer,2.75,4.432406746067304,0.5322712704997258
S,Retailer,2.8000000000000003,4.4263452155166565,0.5302153637786957
S,Retailer,2.85,4.420245557517773,0.5281752778978765
S,Retailer,2.9000000000000004,4.414109181530329,0.5261508309378192
S,Retailer,2.95,4.407937460712999,0.5241418437575464
S,Retailer,3.0,4.401731732893778,0.52214813994171
S,Retailer,3.0500000000000003,4.395493301511896,0.5201695457489494
S,Retailer,3.1,4.3892234365322516,0.5182058900614193
S,Retailer,3.1500000000000004,4.382923375333241,0.5162570043354564
S,Retailer,3.2,4.376594323568847,0.5143227225533569
S,Retailer,3.25,4.370237456005811,0.5124028811762306
S,Retailer,3.3000000000000003,4.36385391733666,0.5104973190979099
S,Retailer,3.35,4.357444822969388,0.508605877599883
S,Retailer,3.4000000000000004,4.351011259794513,0.5067284003072234
S,Retailer,3.45,4.344554286930221,0.5048647331454944
S,Retailer,3.5,4.338074936446297,0.5030147242985991
S,Retailer,3.5500000000000003,4.331574214067499,0.501178224167555
S,Retailer,3.6,4.325053099857022,0.4993550853301676
S,Retailer,3.6500000000000004,4.318512548880686,0.4975451625015822
S,Retailer,3.7,4.311953491852402,0.4957483124956882
S,Retailer,3.75,4.305376835761561,0.49396439418735955
S,Retailer,3.8000000000000003,4.298783464482844,0.49219326847550515
S,Retailer,3.85,4.292174239369035,0.4904347982469126
S,Retailer,3.9000000000000004,4.285549999827327,0.48868884834086374
S,Retailer,3.95,4.278911563879665,0.48695528551450423
S,Retailer,4.0,4.27225972870756,0.48523397840894567
S,Retailer,4.05,4.2655952711819,0.48352479751608646
S,Retailer,4.1000000000000005,4.258918948378172,0.48182761514613
S,Retailer,4.15,4.252231498077549,0.48014230539578334
S,Retailer,4.2,4.245533639254293,0.47846874411712564
S,Retailer,4.25,4.238826072549826,0.4768068088871191
S,Retailer,4.3,4.232109480733932,0.4751563789777576
S,Retailer,4.3500000000000005,4.225384529153436,0.47351733532683205
S,Retailer,4.4,4.2186518661687336,0.47188956050929765
S,Retailer,4.45,4.211912123578554,0.470272938709231
S,Retailer,4.5,4.205165917033281,0.46866735569236123
S,Retailer,4.55,4.198413846437184,0.4670726987791617
S,Retailer,4.6000000000000005,4.191656496339873,0.4654888568184892
S,Retailer,4.65,4.184894436317311,0.4639157201617585
S,Retailer,4.7,4.17812822134266,0.46235318063763653
S,Retailer,4.75,4.171358392147305,0.46080113152724994
S,Retailer,4.800000000000001,4.164585475572282,0.45925946753988645
S,Retailer,4.8500000000000005,4.157809984910433,0.4577280847891857
S,Retailer,4.9,4.151032420239536,0.4562068807698016
S,Retailer,4.95,4.144253268746686,0.4546957543345313
S,Retailer,5.0,4.137473005044147,0.4531946056718958
S,Retailer,5.050000000000001,4.130692091476953,0.45170333628416326
S,Retailer,5.1000000000000005,4.12391097842249,0.4502218489658057
S,Retailer,5.15,4.117130104582252,0.4487500477823763
S,Retailer,5.2,4.110349897266043,0.4472878380498027
S,Retailer,5.25,4.103570772668802,0.4458351263140795
S,Retailer,5.300000000000001,4.096793136140282,0.44439182033136054
S,Retailer,5.3500000000000005,4.0900173824477655,0.4429578290484319
S,Retailer,5.4,4.083243896032032,0.4415330625835642
S,Retailer,5.45,4.07647305125675,0.4401174322077328
S,Retailer,5.5,4.069705212651487,0.43871085032619833
S,Retailer,5.550000000000001,4.0629407351485085,0.43731323046043774
S,Retailer,5.6000000000000005,4.05617996431355,0.43592448723042243
S,Retailer,5.65,4.049423236570717,0.4345445363372308
S,Retailer,5.7,4.042670879421679,0.4331732945459901
S,Retailer,5.75,4.035923211659318,0.43181067966914155
S,Retailer,5.800000000000001,4.029180543575982,0.43045661055001905
S,Retailer,5.8500000000000005,4.022443177166496,0.42911100704673694
S,Retailer,5.9,4.015711406326055,0.42777379001637694
S,Retailer,5.95,4.0089855170431825,0.4264448812994741
S,Retailer,6.0,4.002265787587819,0.42512420370478543
S,Retailer,6.050000000000001,3.995552488694755,0.4238116809943453
S,Retailer,6.1000000000000005,3.9888458837424614,0.4225072378687939
S,Retailer,6.15,3.982146228927493,0.42121079995297833
S,Retailer,6.2,3.9754537734345576,0.4199222937818151
S,Retailer,6.25,3.968768759602372,0.418641646786414
S,Retailer,6.300000000000001,3.962091423085429,0.41736878728045396
S,Retailer,6.3500000000000005,3.9554219930117616,0.41610364444680487
S,Retailer,6.4,3.948760692136848,0.41484614832439665
S,Retailer,6.45,3.9421077369937105,0.4135962297953199
S,Retailer,6.5,3.9354633380393635,0.4123538205721645
S,Retailer,6.550000000000001,3.928827699797665,0.41111885318558183
S,Retailer,6.6000000000000005,3.9222010209986826,0.4098912609720712
S,Retailer,6.65,3.915583494714671,0.4086709780619848
S,Retailer,6.7,3.9089753084927423,0.4074579393677459
S,Retailer,6.75,3.9023766444843235,0.40625208057227635
S,Retailer,6.800000000000001,3.8957876795714625,0.40505333811762817
S,Retailer,6.8500000000000005,3.8892085854901146,0.40386164919381834
S,Retailer,6.9,3.8826395289504148,0.4026769517278556
S,Retailer,6.95,3.8760806717540945,0.4014991843729653
S,Retailer,7.0,3.8695321709090487,0.4003282864979975
S,Retailer,7.050000000000001,3.8629941787411766,0.3991641981770247
S,Retailer,7.1000000000000005,3.856466843003531,0.39800686017911674
S,Retailer,7.15,3.8499503069828678,0.3968562139582947
S,Retailer,7.2,3.8434447096036553,0.39571220164365895
S,Retailer,7.25,3.8369501855296044,0.39457476602968644
S,Retailer,7.300000000000001,3.8304668652627876,0.3934438505666952
S,Retailer,7.3500000000000005,3.8239948752404156,0.3923193993514733
S,Retailer,7.4,3.817534337929308,0.3912013571180664
S,Retailer,7.45,3.811085371918141,0.3900896692287229
S,Retailer,7.5,3.8046480920075285,0.3889842816649948
S,Retailer,7.550000000000001,3.7982226092979543,0.3878851410189861
S,Retailer,7.6000000000000005,3.7918090312756734,0.3867921944847525
S,Retailer,7.65,3.7854074618965634,0.3857053898498439
S,Retailer,7.7,3.779018001668038,0.3846246754869901
S,Retailer,7.75,3.7726407477290294,0.38355000034592496
S,Retailer,7.800000000000001,3.766275793928106,0.38248131394534896
S,Retailer,7.8500000000000005,3.7599232308997768,0.3814185663650233
S,Retailer,7.9,3.7535831461390052,0.3803617082379977
S,Retailer,7.95,3.7472556240740174,0.37931069074296664
S,Retailer,8.0,3.740940746137383,0.37826546559674995
S,Retailer,8.05,3.7346385908354924,0.3772259850469004
S,Retailer,8.1,3.7283492338163895,0.3761922018644301
S,Retailer,8.15,3.722072747936071,0.37516406933665875
S,Retailer,8.200000000000001,3.7158092033232304,0.37414154126017607
S,Retailer,8.25,3.7095586674425323,0.3731245719339223
S,Retailer,8.3,3.7033212051564175,0.37211311615237774
S,Retailer,8.35,3.6970968787854965,0.3711071291988646
S,Retailer,8.4,3.6908857481675645,0.3701065668389584
S,Retailer,8.450000000000001,3.684687870715253,0.36911138531400256
S,Retailer,8.5,3.678503301472379,0.3681215413347307
S,Retailer,8.55,3.6723320931689933,0.3671369920749882
S,Retailer,8.6,3.6661742962751895,0.3661576951655568
S,Retailer,8.65,3.6600299590536767,0.36518360868807576
S,Retailer,8.700000000000001,3.653899127611169,0.36421469116906185
S,Retailer,8.75,3.6477818459485962,0.3632509015740219
S,Retailer,8.8,3.641678156010185,0.3622921993016607
S,Retailer,8.85,3.63558809773144,0.36133854417817945
S,Retailer,8.9,3.6295117090860085,0.3603898964516633
S,Retailer,8.950000000000001,3.6234490261315275,0.35944621678655925
S,Retailer,9.0,3.617400083054402,0.35850746625823715
S,Retailer,9.05,3.611364912213599,0.3575736063476395
S,Retailer,9.1,3.605343544183454,0.3566445989360125
S,Retailer,9.15,3.5993360077955034,0.3557204062997191
S,Retailer,9.200000000000001,3.5933423301793863,0.35480099110513263
S,Retailer,9.25,3.5873625368028357,0.3538863164036101
S,Retailer,9.3,3.5813966515107647,0.3529763456265418
S,Retailer,9.35,3.5754446965634896,0.3520710425804789
S,Retailer,9.4,3.5695066926740866,0.35117037144233343
S,Retailer,9.450000000000001,3.5635826590449353,0.35027429675465477
S,Retailer,9.5,3.5576726134034216,0.3493827834209745
S,Retailer,9.55,3.5517765720368746,0.3484957967012261
S,Retailer,9.600000000000001,3.5458945498266967,0.3476133022072307
S,Retailer,9.65,3.540026560281775,0.34673526589825454
S,Retailer,9.700000000000001,3.534172615571111,0.3458616540766312
S,Retailer,9.75,3.5283327265557514,0.34499243338345
S,Retailer,9.8,3.5225069028200133,0.3441275707943112
S,Retailer,9.850000000000001,3.516695152701998,0.3432670336151421
S,Retailer,9.9,3.510897483323464,0.34241078947807907
S,Retailer,9.950000000000001,3.5051139006189977,0.34155880633740643
S,Retailer,10.0,3.4993444093645936,0.34071105246556166
C,Thermal plant,0.0,1.3109393579072535,0.1736421758440812
C,Thermal plant,0.2,1.3104979986856518,0.17281979200625833
C,Thermal plant,0.4,1.3100066848043173,0.17200516120639275
C,Thermal plant,0.6000000000000001,1.3094668774711435,0.17119817432101567
C,Thermal plant,0.8,1.3088799965058426,0.17039872426496872
C,Thermal plant,1.0,1.3082474216278437,0.1696067059440335
C,Thermal plant,1.2000000000000002,1.3075704936994357,0.16882201620887605
C,Thermal plant,1.4000000000000001,1.3068505159258808,0.16804455381026348
C,Thermal plant,1.6,1.3060887550141524,0.16727421935551273
C,Thermal plant,1.8,1.3052864422919057,0.16651091526613174
C,Thermal plant,2.0,1.3044447747881667,0.1657545457366147
C,Thermal plant,2.2,1.3035649162772314,0.16500501669435594
C,Thermal plant,2.4000000000000004,1.3026479982871417,0.16426223576064575
C,Thermal plant,2.6,1.30169512107409,0.1635261122127153
C,Thermal plant,2.8000000000000003,1.3007073545640317,0.16279655694679795
C,Thermal plant,3.0,1.2996857392627237,0.1620734824421743
C,Thermal plant,3.2,1.2986312871353751,0.16135680272617134
C,Thermal plant,3.4000000000000004,1.297544982457036,0.16064643334008658
C,Thermal plant,3.6,1.2964277826348034,0.159942291306008
C,Thermal plant,3.8000000000000003,1.2952806190028827,0.1592442950945024
C,Thermal plant,4.0,1.294104397591508,0.1585523645931472
C,Thermal plant,4.2,1.2928999998706612,0.15786642107587798
C,Thermal plant,4.4,1.2916682834695221,0.15718638717312883
C,Thermal plant,4.6000000000000005,1.290410082872522,0.1565121868427412
C,Thermal plant,4.800000000000001,1.2891262100928427,0.15584374534161785
C,Thermal plant,5.0,1.2878174553241801,0.15518098919810028
C,Thermal plant,5.2,1.2864845875715454,0.15452384618504833
C,Thermal plant,5.4,1.285128355261851,0.15387224529360005
C,Thermal plant,5.6000000000000005,1.2837494868350068,0.15322611670759353
C,Thermal plant,5.800000000000001,1.2823486913162088,0.15258539177863026
C,Thermal plant,6.0,1.2809266588700887,0.15195000300176087
C,Thermal plant,6.2,1.2794840613373606,0.151319883991777
C,Thermal plant,6.4,1.2780215527545793,0.15069496946008964
C,Thermal plant,6.6000000000000005,1.2765397698575955,0.15007519519217843
C,Thermal plant,6.800000000000001,1.2750393325692786,0.14946049802559525
C,Thermal plant,7.0,1.2735208444720516,0.14885081582850593
C,Thermal plant,7.2,1.2719848932657574,0.14824608747875515
C,Thermal plant,7.4,1.2704320512113676,0.1476462528434397
C,Thermal plant,7.6000000000000005,1.268862875561014,0.14705125275897546
C,Thermal plant,7.800000000000001,1.2672779089748107,0.14646102901164432
C,Thermal plant,8.0,1.265677679924916,0.1458755243186082
C,Thermal plant,8.200000000000001,1.2640627030872695,0.14529468230937606
C,Thermal plant,8.4,1.262433479721412,0.14471844750771226
C,Thermal plant,8.6,1.2607904980388,0.14414676531397363
C,Thermal plant,8.8,1.2591342335599927,0.1435795819878637
C,Thermal plant,9.0,1.2574651494610865,0.143016844631592
C,Thermal plant,9.200000000000001,1.2557836969097533,0.14245850117342865
C,Thermal plant,9.4,1.2540903153912297,0.14190450035164165
C,Thermal plant,9.600000000000001,1.2523854330245852,0.14135479169880852
C,Thermal plant,9.8,1.2506694668695957,0.14080932552649056
C,Thermal plant,10.0,1.248942823224525,0.14026805291026057
C,Thermal plant,10.200000000000001,1.2472058979151137,0.13973092567507506
C,Thermal plant,10.4,1.2454590765750653,0.1391978963809806
C,Thermal plant,10.600000000000001,1.2437027349182985,0.13866891830914674
C,Thermal plant,10.8,1.2419372390032417,0.13814394544821562
C,Thermal plant,11.0,1.2401629454894172,0.1376229324809608
C,Thermal plant,11.200000000000001,1.2383802018865717,0.13710583477124685
C,Thermal plant,11.4,1.2365893467965843,0.1365926083512818
C,Thermal plant,11.600000000000001,1.234790710148389,0.13608320990915457
C,Thermal plant,11.8,1.2329846134261309,0.13557759677665054
C,Thermal plant,12.0,1.2311713698907696,0.13507572691733785
C,Thermal plant,12.200000000000001,1.2293512847953438,0.1345775589149167
C,Thermal plant,12.4,1.227524655594087,0.1340830519618265
C,Thermal plant,12.600000000000001,1.2256917721455967,0.13359216584810196
C,Thermal plant,12.8,1.2238529169102377,0.13310486095047463
C,Thermal plant,13.0,1.2220083651419635,0.1326210982217107
C,Thermal plant,13.200000000000001,1.220158385074725,0.1321408391801815
C,Thermal plant,13.4,1.2183032381036407,0.1316640458996589
C,Thermal plant,13.600000000000001,1.2164431789610823,0.13119068099933187
C,Thermal plant,13.8,1.2145784558878416,0.13072070763403654
C,Thermal plant,14.0,1.2127093107995233,0.13025408948469622
C,Thermal plant,14.200000000000001,1.2108359794483117,0.12979079074896527
C,Thermal plant,14.4,1.208958691580255,0.129330776132072
C,Thermal plant,14.600000000000001,1.2070776710881999,0.12887401083785524
C,Thermal plant,14.8,1.2051931361605115,0.12842046055999068
C,Thermal plant,15.0,1.2033052994257059,0.12797009147340166
C,Thermal plant,15.200000000000001,1.2014143680931153,0.12752287022584977
C,Thermal plant,15.4,1.1995205440897119,0.1270787639297016
C,Thermal plant,15.600000000000001,1.1976240241931975,0.1266377401538667
C,Thermal plant,15.8,1.1957250001614776,0.12619976691590284
C,Thermal plant,16.0,1.193823658858624,0.1257648126742846
C,Thermal plant,16.2,1.1919201823774292,0.1253328463208312
C,Thermal plant,16.400000000000002,1.1900147481586605,0.12490383717328987
C,Thermal plant,16.6,1.1881075291071004,0.12447775496807126
C,Thermal plant,16.8,1.1861986937044784,0.12405456985313251
C,Thermal plant,17.0,1.1842884061193795,0.12363425238100552
C,Thermal plant,17.2,1.1823768263142198,0.12321677350196622
C,Thermal plant,17.400000000000002,1.1804641101493747,0.12280210455734172
C,Thermal plant,17.6,1.1785504094845423,0.12239021727295245
C,Thermal plant,17.8,1.1766358722774242,0.12198108375268532
C,Thermal plant,18.0,1.1747206426797976,0.12157467647219593
C,Thermal plant,18.2,1.1728048611310569,0.12117096827273582
C,Thermal plant,18.400000000000002,1.170888664449299,0.12076993235510253
C,Thermal plant,18.6,1.168972185920019,0.1203715422737093
C,Thermal plant,18.8,1.1670555553824855,0.11997577193077183
C,Thermal plant,19.0,1.1651388993138654,0.11958259557060924
C,Thermal plant,19.200000000000003,1.1632223409111582,0.11919198777405687
C,Thermal plant,19.400000000000002,1.1613060001710056,0.11880392345298815
C,Thermal plant,19.6,1.15938999396743,0.11841837784494298
C,Thermal plant,19.8,1.1574744361275693,0.11803532650786076
C,Thermal plant,20.0,1.1555594375054592,0.11765474531491485
C,Thermal plant,20.200000000000003,1.1536451060539166,0.117276610449447
C,Thermal plant,20.400000000000002,1.151731546894582,0.11690089839999895
C,Thermal plant,20.6,1.1498188623861674,0.11652758595543933
C,Thermal plant,20.8,1.1479071521909627,0.11615665020018351
C,Thermal plant,21.0,1.1459965133396506,0.11578806850950459
C,Thermal plant,21.200000000000003,1.1440870402944707,0.11542181854493341
C,Thermal plant,21.400000000000002,1.142178825010785,0.11505787824974534
C,Thermal plant,21.6,1.1402719569970845,0.11469622584453251
C,Thermal plant,21.8,1.1383665233734839,0.11433683982285898
C,Thermal plant,22.0,1.1364626089287395,0.11397969894699765
C,Thermal plant,22.200000000000003,1.1345602961758392,0.11362478224374646
C,Thermal plant,22.400000000000002,1.1326596654061953,0.1132720690003229
C,Thermal plant,22.6,1.1307607947424831,0.11292153876033446
C,Thermal plant,22.8,1.1288637601901605,0.11257317131982374
C,Thermal plant,23.0,1.1269686356877053,0.11222694672338657
C,Thermal plant,23.200000000000003,1.125075493155603,0.1118828452603616
C,Thermal plant,23.400000000000002,1.1231844025441213,0.11154084746108969
C,Thermal plant,23.6,1.1212954318798993,0.11120093409324164
C,Thermal plant,23.8,1.1194086473113904,0.1108630861582131
C,Thermal plant,24.0,1.1175241131531823,0.1105272848875846
C,Thermal plant,24.200000000000003,1.11564189192923,0.11019351173964628
C,Thermal plant,24.400000000000002,1.1137620444150222,0.10986174839598471
C,Thermal plant,24.6,1.111884629678725,0.10953197675813188
C,Thermal plant,24.8,1.1100097051213087,0.10920417894427384
C,Thermal plant,25.0,1.1081373265157048,0.10887833728601849
C,Thermal plant,25.200000000000003,1.106267548045006,0.10855443432522108
C,Thermal plant,25.400000000000002,1.1044004223397375,0.10823245281086609
C,Thermal plant,25.6,1.102536000514227,0.10791237569600452
C,Thermal plant,25.8,1.100674332202094,0.10759418613474542
C,Thermal plant,26.0,1.098815465590881,0.10727786747930028
C,Thermal plant,26.200000000000003,1.0969594474558513,0.10696340327707962
C,Thermal plant,26.400000000000002,1.0951063231929723,0.10665077726784046
C,Thermal plant,26.6,1.0932561368511078,0.10633997338088345
C,Thermal plant,26.8,1.0914089311634405,0.10603097573229922
C,Thermal plant,27.0,1.0895647475781387,0.10572376862226232
C,Thermal plant,27.200000000000003,1.0877236262882948,0.10541833653237219
C,Thermal plant,27.400000000000002,1.0858856062611473,0.10511466412304002
C,Thermal plant,27.6,1.0840507252666103,0.10481273623092073
C,Thermal plant,27.8,1.0822190199051227,0.104512537866389
C,Thermal plant,28.0,1.080390525634841,0.1042140542110587
C,Thermal plant,28.200000000000003,1.0785652767981837,0.10391727061534432
C,Thermal plant,28.400000000000002,1.076743306647755,0.10362217259606459
C,Thermal plant,28.6,1.0749246473716514,0.10332874583408617
C,Thermal plant,28.8,1.0731093301181749,0.10303697617200759
C,Thermal plant,29.0,1.0712973850199674,0.10274684961188237
C,Thermal plant,29.200000000000003,1.0694888412175771,0.10245835231298028
C,Thermal plant,29.400000000000002,1.0676837268824715,0.1021714705895864
C,Thermal plant,29.6,1.0658820692395168,0.1018861909088369
C,Thermal plant,29.8,1.0640838945889286,0.10160249988859116
C,Thermal plant,30.0,1.0622892283277128,0.10132038429533914
C,Thermal plant,30.200000000000003,1.0604980949706078,0.10103983104214366
C,Thermal plant,30.400000000000002,1.0587105181705403,0.10076082718661668
C,Thermal plant,30.6,1.0569265207386065,0.10048335992892914
C,Thermal plant,30.8,1.055146124663591,0.10020741660985345
C,Thermal plant,31.0,1.0533693511310331,0.09993298470883816
C,Thermal plant,31.200000000000003,1.0515962205418568,0.09966005184211436
C,Thermal plant,31.400000000000002,1.0498267525305676,0.0993886057608328
C,Thermal plant,31.6,1.048060965983031,0.09911863434923145
C,Thermal plant,31.8,1.046298879053846,0.09885012562283294
C,Thermal plant,32.0,1.0445405091833162,0.09858306772667101
C,Thermal plant,32.2,1.042785873114034,0.09831744893354594
C,Thermal plant,32.4,1.0410349869070854,0.09805325764230773
C,Thermal plant,32.6,1.0392878659578846,0.09779048237616723
C,Thermal plant,32.800000000000004,1.0375445250116457,0.09752911178103413
C,Thermal plant,33.0,1.0358049781785075,0.0972691346238817
C,Thermal plant,33.2,1.0340692389483057,0.0970105397911373
C,Thermal plant,33.4,1.0323373202050183,0.09675331628709902
C,Thermal plant,33.6,1.0306092342408772,0.09649745323237686
C,Thermal plant,33.800000000000004,1.0288849927701635,0.09624293986235913
C,Thermal plant,34.0,1.0271646069426894,0.09598976552570254
C,Thermal plant,34.2,1.025448087356976,0.09573791968284641
C,Thermal plant,34.4,1.0237354440731337,0.09548739190455013
C,Thermal plant,34.6,1.0220266866254513,0.09523817187045344
C,Thermal plant,34.800000000000004,1.0203218240347047,0.09499024936765932
C,Thermal plant,35.0,1.0186208648201855,0.09474361428933878
C,Thermal plant,35.2,1.0169238170114616,0.09449825663335751
C,Thermal plant,35.4,1.0152306881598747,0.0942541665009238
C,Thermal plant,35.6,1.0135414853497775,0.09401133409525718
C,Thermal plant,35.800000000000004,1.0118562152095225,0.09376974972027773
C,Thermal plant,36.0,1.0101748839222042,0.09352940377931566
C,Thermal plant,36.2,1.0084974972361607,0.09329028677384037
C,Thermal plant,36.4,1.006824060475243,0.09305238930220924
C,Thermal plant,36.6,1.005154578548854,0.09281570205843542
C,Thermal plant,36.800000000000004,1.0034890559617653,0.09258021583097432
C,Thermal plant,37.0,1.001827496823715,0.09234592150152862
C,Thermal plant,37.2,1.0001699048587935,0.09211281004387128
C,Thermal plant,37.4,0.99851628341462,0.0918808725226865
C,Thermal plant,37.6,0.996866635471317,0.09165010009242783
C,Thermal plant,37.800000000000004,0.9952209636502856,0.09142048399619393
C,Thermal plant,38.0,0.9935792702227868,0.0911920155646207
C,Thermal plant,38.2,0.9919415571183317,0.09096468621479019
C,Thermal plant,38.400000000000006,0.9903078259328915,0.09073848744915587
C,Thermal plant,38.6,0.9886780779369204,0.09051341085448386
C,Thermal plant,38.800000000000004,0.9870523140832059,0.09028944810080965
C,Thermal plant,39.0,0.9854305350145449,0.09006659094041058
C,Thermal plant,39.2,0.9838127410712519,0.08984483120679339
C,Thermal plant,39.400000000000006,0.9821989322984999,0.08962416081369655
C,Thermal plant,39.6,0.9805891084535047,0.0894045717541076
C,Thermal plant,39.800000000000004,0.9789832690125457,0.0891860560992943
C,Thermal plant,40.0,0.9773814131778398,0.08896860599785081
C,Thermal plant,40.2,0.9757835398842571,0.08875221367475686
C,Thermal plant,40.400000000000006,0.9741896478058969,0.08853687143045141
C,Thermal plant,40.6,0.9725997353625155,0.08832257163991922
C,Thermal plant,40.800000000000004,0.9710138007258144,0.08810930675179092
C,Thermal plant,41.0,0.9694318418255921,0.08789706928745601
C,Thermal plant,41.2,0.9678538563557607,0.08768585184018868
C,Thermal plant,41.400000000000006,0.9662798417802336,0.08747564707428614
C,Thermal plant,41.6,0.9647097953386803,0.08726644772421939
C,Thermal plant,41.800000000000004,0.963143714052161,0.08705824659379612
C,Thermal plant,42.0,0.9615815947286361,0.08685103655533553
C,Thermal plant,42.2,0.9600234339683551,0.086644810548855
C,Thermal plant,42.400000000000006,0.9584692281691297,0.0864395615812681
C,Thermal plant,42.6,0.9569189735314926,0.08623528272559432
C,Thermal plant,42.800000000000004,0.9553726660637438,0.08603196712017964
C,Thermal plant,43.0,0.9538303015868862,0.08582960796792832
C,Thermal plant,43.2,0.9522918757394558,0.08562819853554543
C,Thermal plant,43.400000000000006,0.9507573839822474,0.08542773215278993
C,Thermal plant,43.6,0.9492268216029355,0.08522820221173846
C,Thermal plant,43.800000000000004,0.9477001837205978,0.08502960216605915
C,Thermal plant,44.0,0.9461774652901388,0.08483192553029574
C,Thermal plant,44.2,0.944658661106619,0.08463516587916156
C,Thermal plant,44.400000000000006,0.94314376580949,0.08443931684684343
C,Thermal plant,44.6,0.9416327738867359,0.08424437212631504
C,Thermal plant,44.800000000000004,0.9401256796789293,0.08405032546865994
C,Thermal plant,45.0,0.9386224773831963,0.0838571706824039
C,Thermal plant,45.2,0.9371231610570967,0.0836649016328563
C,Thermal plant,45.400000000000006,0.935627724622419,0.08347351224146064
C,Thermal plant,45.6,0.9341361618688984,0.08328299648515405
C,Thermal plant,45.800000000000004,0.9326484664578464,0.08309334839573537
C,Thermal plant,46.0,0.9311646319257096,0.08290456205924195
C,Thermal plant,46.2,0.9296846516875469,0.08271663161533485
C,Thermal plant,46.400000000000006,0.9282085190404331,0.08252955125669258
C,Thermal plant,46.6,0.9267362271667903,0.08234331522841279
C,Thermal plant,46.800000000000004,0.925267769137644,0.08215791782742209
C,Thermal plant,47.0,0.923803137915812,0.08197335340189413
C,Thermal plant,47.2,0.9223423263590234,0.08178961635067494
C,Thermal plant,47.400000000000006,0.92088532722297,0.08160670112271667
C,Thermal plant,47.6,0.9194321331642915,0.08142460221651825
C,Thermal plant,47.800000000000004,0.9179827367434976,0.08124331417957399
C,Thermal plant,48.0,0.9165371304278241,0.08106283160782929
C,Thermal plant,48.2,0.9150953065940312,0.08088314914514369
C,Thermal plant,48.400000000000006,0.913657257531138,0.08070426148276101
C,Thermal plant,48.6,0.9122229754430995,0.08052616335878651
C,Thermal plant,48.800000000000004,0.9107924524514257,0.08034884955767098
C,Thermal plant,49.0,0.9093656805977426,0.08017231490970156
C,Thermal plant,49.2,0.9079426518463005,0.0799965542904994
C,Thermal plant,49.400000000000006,0.9065233580864244,0.07982156262052363
C,Thermal plant,49.6,0.9051077911349156,0.07964733486458235
C,Thermal plant,49.800000000000004,0.9036959427383966,0.07947386603134932
C,Thermal plant,50.0,0.9022878045756093,0.07930115117288748
